pen,time period,Species,Study,Diet,"average 
feed intake, g/d","average feed intake, g","ME, kcal/kg",Overall,NDF,ADF,NFC,Crude fiber,Starch,CP,Arginine,Histidine,Isoleucine,Leucine,Lysine,Methionine,Phenylalanine,Threonine,Tryptophan,Valine,Alanine,Aspartic acid,Cystine,Met + Cys,Glutamic acid,Glycine,Proline,Serine,Tyrosine,Phe + Tyr,Ether extract,SFA,MUFA,PUFA,n-3 PUFA,n-6 PUFA,n-3/n-6 ratio,C14,C15:0,C15:1,C16:0,C16:1,C17:0,C17:1,C18:0,C18:1,"C18:2 cis n-6
LA","C18:3 cis n-3
ALA",C20:0,C20:1,"C20:4n-6
ARA","C20:5n-3
EPA",C22:0,C22:1,"C22:6n-3
DHA",C24:0,Ash,Vitamin A IU/kg,"beta-
carotene",Vitamin D3 IU/kg,25(OH)D3,Vitamin E IU/kg,Vitamin K ppm,"Astaxanthin
AST %",Thiamin ppm,Riboflavin ppm,Niacin ppm,"Pantothenic
acid ppm",Pyridoxine ppm,Biotin ppm,Folic acid ppm,Vitamin B12 ppm,Choline ppm,Calcium,"(Total)
Phosphorus","(Inorganic)
available P",Ca:P ratio,Na,Cl,K,Mg,S,Cu ppm,I ppm,Fe,Mn,Se,Zn,"average 
feed intake, g/d",bodyweightgain,akp,alt,gluclose,nefa,pip,tc,tg,trap,uric acid,mTOR,S6K1,4E-BP1,MURF1,MAFbx,AMPK,mTOR,S6K1,4E-BP1,MURF1,MAFbx,AMPK,PH,WHC,HARDNESS,SPRINGINESS,CHEWINESS,COHESIVENESS,GUMMINESS,RESILIENCE,PH,WHC,HARDNESS,SPRINGINESS,CHEWINESS
1,1-6 weeks,broiler chicken,broiler DHA,G Control,114.9984,3104.9568,18656.7921,,,,,,,1284.4278,70.431066,20.2958892,46.3221288,69.2435304,63.51318,25.2964728,41.354388,46.8014544,11.4607008,52.0524792,0,0,0,0,0,0,0,0,0,0,329.802089,0,0,0,0,0,0,0,0,0,0,0,0,0,0,0,62.09676,0,0,0,0,0,0,0,0,0,0,27943542,0.323082565,2794354.2,0,46575.97053,4657.257,0,6522.073089,23287.37366,93158.28277,18634.36323,23289.41521,883.5959336,2328.976524,37.258056,9781045.951,57.303504,43.190084,23.150286,0,12.419352,12.419352,18.629028,9.380936961,1122.39949,55343.088,1752.00165,479103.616,330093.6257,846.4662,266096.5393,114.9984,39.45,250.6082473,1.666929755,3.10989183,552.6516309,74.64348262,63.1928322,24.59028815,,0.159484877,0.3864,0.65263,1.45255,1.97747,0.4587,2.628,0.63624339,1.923046767,2.719803771,0.436488136,0.280054848,0.811179221,5.865,0.373408449,4161.177,,,,2691.863,,6.597675,0.403831743,3909.342885,0.890243902,2384.006234
2,1-6 weeks,broiler chicken,broiler DHA,G Control,108.924,2940.948,17664.38037,,,,,,,1219.16421,66.8401065,19.2499173,43.9361577,65.6814501,60.245127,24.0626052,39.2306409,44.3817306,10.8726462,49.3724808,0,0,0,0,0,0,0,0,0,0,312.2498287,0,0,0,0,0,0,0,0,0,0,0,0,0,0,0,58.81896,0,0,0,0,0,0,0,0,0,0,26468532,0.305608335,2646853.2,0,44117.43682,4411.422,0,6177.802767,22058.14234,88240.88662,17650.74705,22060.07563,837.8002583,2206.041423,35.291376,9264751.203,54.363231,41.0364859,22.012803,0,11.763792,11.763792,17.645688,8.786051231,1043.647645,52759.836,1634.378918,452759.6179,310134.4547,796.71438,253107.206,108.924,41.95,175.9143579,2.416055925,2.858007892,893.8748029,54.92878318,70.78177196,23.06518528,,0.148822085,1.10648,1.70729,5.93895,6.71992,1.21699,6.65521,0.44838645,2.447180762,3.024800611,0.610644488,0.097034129,0.912966839,6.1103,0.435325053,3669.466,0.764,1425.467,0.516,1864.775,0.217,6.7716,0.397308858,3205.350629,0.879573171,1861.827031
3,1-6 weeks,broiler chicken,broiler DHA,G Control,103.4575,2793.3525,16777.66298,,,,,,,1158.04755,63.4890825,18.2845215,41.732766,62.387658,57.223935,22.857741,37.263402,42.155748,10.327446,46.896489,0,0,0,0,0,0,0,0,0,0,296.5752508,0,0,0,0,0,0,0,0,0,0,0,0,0,0,0,55.86705,0,0,0,0,0,0,0,0,0,0,25140172.5,0.290259566,2514017.25,0,41903.34276,4190.02875,0,5867.761272,20951.12431,83812.3969,16764.9203,20952.96057,795.7770307,2095.328236,33.52023,8799787.021,51.63723,38.98043662,20.9103525,0,11.17341,11.17341,16.760115,8.342406934,990.7417353,50121.18,1551.673463,430008.6614,294501.1775,756.59265,240433.3332,103.4575,40.78,65.03565281,,2.830513519,689.961603,75.42858127,76.0258146,18.64238695,,0.180810463,0.514,0.70199,2.17287,3.42679,0.59123,2.85943,0.614467344,2.550978108,2.733621377,0.403441327,0.123864008,0.968338834,6.638635,0.400217582,3182.616856,0.762910798,1081.978912,0.435629,1404.308491,0.181822624,6.235515,0.395961307,3277.671524,0.87347561,1697.09339
4,1-6 weeks,broiler chicken,broiler DHA,G Control,113.1755,3055.7385,18358.86533,,,,,,,1265.0796,69.365457,19.9845684,45.6120801,68.1838533,62.54091,24.9349806,40.7228985,46.0806138,11.2858866,51.2550234,0,0,0,0,0,0,0,0,0,0,324.5320911,0,0,0,0,0,0,0,0,0,0,0,0,0,0,0,61.11477,0,0,0,0,0,0,0,0,0,0,27501646.5,0.317813684,2750164.65,0,45839.42265,4583.60775,0,6418.933757,22919.11063,91685.08902,18339.68393,22921.11971,869.9441016,2292.146688,36.668862,9626370.274,56.429433,42.55504607,22.8163095,0,12.222954,12.222954,18.334431,9.194693646,1097.236957,54596.376,1714.7403,471126.4347,323910.1246,831.15315,262290.1084,113.1755,40.58,84.53053569,,2.808340637,393.2458013,56.73160231,76.0258146,30.53818935,,0.323691886,0.28991,0.69164,1.95036,2.61276,0.82051,4.66448,0.798758861,3.844779334,4.005774083,0.388636382,0.114800683,1.066861901,6.062535,0.373091993,3637.523826,0.75528169,1523.288666,0.557125077,2042.344698,0.237205942,6.039,0.397138466,,0.853658537,
5,1-6 weeks,broiler chicken,broiler DHA,G Control,112.0793,3026.1411,18164.18843,,,,,,,1258.4455,68.97455775,19.84719429,45.30140622,67.72947678,62.12245914,24.9182325,40.45958003,45.74667132,11.21403528,50.90842386,0,0,0,0,0,0,0,0,0,0,321.0706342,0,0,0,0,0,0,0,0,0,0,0,0,0,0,0,60.5228274,0,0,0,0,0,0,0,0,0,0,27235272.33,0.313804138,2723527.233,0,45395.42396,4539.212055,0,6356.760819,22697.12432,90797.04451,18162.06233,22699.11283,863.3913624,2269.947224,36.31369644,9533134.529,56.0701764,42.42257651,22.78262133,0,12.10456548,12.10456548,18.15684822,8.88465182,1043.379569,54816.78888,1642.408516,464226.508,315154.4107,811.8645066,262091.5052,112.0793,44.14,419.4226695,3.423159319,3.336942141,367.3620824,70.0201239,,24.43777786,,0.106170913,0.66834,1.11429,5.02433,8.27137,2.5194,0.59558,0.819025889,3.882627492,3.086124917,0.576011077,0.107564494,0.798988578,6.734445,0.405170222,3919.041057,0.769953052,1422.284708,0.477746043,1847.81326,0.190301232,6.0288,0.346574961,3224.832992,0.903963415,1686.901128
6,1-6 weeks,broiler chicken,broiler DHA,G Control,99.57538,2688.53526,16136.12171,,,,,,,1118.58435,61.3062864,17.63832618,40.25991627,60.19297191,55.209708,22.15968462,35.95826115,40.65372126,9.96652782,45.24318018,0,0,0,0,0,0,0,0,0,0,285.2205581,0,0,0,0,0,0,0,0,0,0,0,0,0,0,0,53.770689,0,0,0,0,0,0,0,0,0,0,24196810.05,0.278706311,2419681.005,0,40330.95073,4032.801675,0,5647.57827,20164.95396,80667.40801,16135.84025,20166.72052,767.2469049,2016.704132,32.2624134,8469584.96,49.8326391,37.71641805,20.25876015,0,10.7541378,10.7541378,16.1312067,7.872391993,922.8572435,48772.6272,1453.865963,412213.1155,279459.3201,720.219195,233074.8106,99.57538,40.81,120.3300304,2.083662194,3.185279629,725.3149751,65.48399837,77.39011837,25.04781901,,0.251184895,0.54241,0.854,2.28457,2.19302,0.49772,2.62031,0.737309847,2.92347033,2.574386008,0.656389923,0.173313358,1.714362212,6.42128,0.428154075,3364.154534,0.774647887,1409.510523,0.530207046,1812.827577,0.22951116,6.1491,0.407846328,4418.570543,0.879573171,2191.855046
1,1-6 weeks,broiler chicken,broiler DHA,g 1%,115.1853,3110.0031,18687.22703,,,,,,,1286.7658,70.55829675,20.33166609,46.40388642,69.36610338,63.62554914,25.3466037,41.42788103,46.88333892,11.48110848,52.14444066,0,0,0,0,0,0,0,0,0,0,287.7981688,0,0,0,0,0,0,0,0,0,0,0,0,0,0,0,62.2000674,0,0,0,0,0,0,0,0,0,0,28692891.09,702861.0258,2799003.033,0,46653.57751,4665.005055,0,6535.84827,24252.90406,98195.67599,19947.50831,23330.41736,1056.234315,2428.014497,43.32856695,9797317.699,57.4055424,43.80304484,23.19550533,0,12.44001348,12.44001348,18.66002022,9.422606588,1125.767872,55462.87124,1752.921541,479817.0909,330442.1788,847.4788919,266623.2738,115.1853,40.56,52.06382049,2.530161236,2.952907827,555.4925269,66.50171884,61.27428002,21.99761327,,0.204268607,0.56895,0.94015,2.87977,3.1927,0.53734,4.7303,0.671810673,2.728925346,4.411466658,0.637959987,0.127919421,1.353289195,6.01699,0.346349068,5838.09742,0.785211268,2121.850147,0.472730802,2696.857751,0.180744684,6.59808,0.403333839,3152.758087,0.888211382,1851.977265
2,1-6 weeks,broiler chicken,broiler DHA,g 1%,111.7244,3016.5588,18132.02396,,,,,,,1246.011725,68.333706,19.69986096,44.96082228,67.20522372,61.64412336,24.501366,40.13432647,45.43284168,11.12220072,50.52192264,0,0,0,0,0,0,0,0,0,0,279.2748572,0,0,0,0,0,0,0,0,0,0,0,0,0,0,0,60.3311976,0,0,0,0,0,0,0,0,0,0,27830781.45,681742.793,2714903.892,0,45251.82272,4524.83982,0,6339.471778,23524.19779,95245.91777,19285.54992,22629.42864,1024.498485,2355.061483,42.02671225,9502945.373,55.6110036,42.39053389,22.42884492,0,12.06623952,12.06623952,18.09935928,9.222251234,1108.079353,53517.48117,1720.996502,466270.3128,322605.1478,826.1986679,257740.4909,111.7244,36.86,80.50275339,2.614499944,2.876633113,615.1513423,65.62938701,57.52244463,,,0.246919778,0.52128,0.78922,2.00217,1.93354,0.42801,2.40257,0.761701206,2.938427525,3.355162994,0.586078643,0.133664956,1.402530828,6.02396,0.380709479,6928.661796,0.757042254,2434.396258,0.463256268,3226.026946,0.162652529,6.912675,0.372049485,6092.194132,0.900406504,3797.262325
3,1-6 weeks,broiler chicken,broiler DHA,g 1%,111.3455,3006.3285,18067.83233,,,,,,,1242.6831,68.146812,19.6420194,44.8292691,67.0101903,61.46496,24.4541646,40.0191435,45.2966958,11.0904606,50.3744994,0,0,0,0,0,0,0,0,0,0,278.2744671,0,0,0,0,0,0,0,0,0,0,0,0,0,0,0,60.12657,0,0,0,0,0,0,0,0,0,0,27736386.74,679430.4986,2705695.65,0,45098.33889,4509.49275,0,6317.969825,23444.41029,94922.59423,19247.00402,22552.67578,1021.023699,2347.074004,41.88416866,9470714.339,55.452303,42.2881188,22.3826895,0,12.025314,12.025314,18.037971,9.155463005,1097.397364,53455.65196,1706.258925,464315.6156,320613.5662,821.6015207,257240.3636,111.3455,38.40,143.168929,2.822866163,2.820757451,401.137179,62.22729286,59.95261073,27.18296303,,,0.52921,0.87586,3.47134,6.10983,1.38576,1.96351,0.620267663,2.392204917,3.359450687,0.54011366,0.116945241,1.393962665,5.9836,0.353975689,4814.684666,,1601.15522,0.553801296,2456.6306,,5.90278,0.355969835,4825.879857,0.880081301,2596.409926
4,1-6 weeks,broiler chicken,broiler DHA,g 1%,104.2897,2815.8219,16903.33518,,,,,,,1170.456888,64.15448738,18.46254047,42.14065392,63.00294588,57.78737289,23.16537495,37.63533953,42.55672392,10.43114598,47.35622691,0,0,0,0,0,0,0,0,0,0,260.25433,0,0,0,0,0,0,0,0,0,0,0,0,0,0,0,56.3164299,0,0,0,0,0,0,0,0,0,0,25978769.11,636375.8871,2534239.346,0,42240.50663,4223.732243,0,5917.607627,21958.77242,88905.48333,18222.53992,21123.54464,956.3231159,2198.34505,39.23002507,8870571.25,52.1557299,39.9088973,21.18169346,0,11.26328598,11.26328598,16.89492897,8.317303981,977.5526807,50937.83463,1533.469507,432180.8438,293776.7149,756.4968708,243657.1324,104.2897,41.66,255.3285659,,3.334281395,297.2866484,62.92515832,57.52244463,22.30263384,,0.210666283,1.36253,1.62133,3.86688,4.31248,0.90674,6.03628,0.683501123,2.526660414,2.234187282,0.474012699,0.097556629,1.002886375,6.78019,0.493173048,3891.408913,0.751760563,1050.733584,0.353937893,1396.92736,0.146176327,6.651705,0.362788386,7312.616617,0.87804878,3608.550076
5,1-6 weeks,broiler chicken,broiler DHA,g 1%,121.3106,3275.3862,19690.90611,,,,,,,1351.882913,74.14491938,21.37975763,48.7943055,72.9334665,66.89867625,26.56206675,43.5536865,49.310289,12.0695805,54.82909575,0,0,0,0,0,0,0,0,0,0,303.298763,0,0,0,0,0,0,0,0,0,0,0,0,0,0,0,65.5077375,0,0,0,0,0,0,0,0,0,0,30218719.31,740237.7181,2947848.188,0,49134.52323,4913.080313,0,6883.411544,25542.62151,103418.5296,20909.18405,24571.07954,1112.402495,2557.13025,45.63268994,10318316.94,60.3479025,45.97983815,24.31864688,0,13.1015475,13.1015475,19.65232125,10.05465177,1211.171152,57970.81378,1878.966534,506709.3891,351324.3383,899.1663584,279422.0582,121.3106,39.86,180.3809018,,2.792376162,640.403751,56.49898048,67.498916,26.87794246,,0.210666283,0.335,0.91771,2.14684,2.43532,0.84503,5.54452,0.568566916,2.607923106,2.717821421,0.360941465,0.139866179,1.303643526,6.063425,0.383601365,8852.559688,0.741197183,3014.425352,0.452773539,4109.91731,0.16416362,5.92146,0.36872758,5748.182821,0.87195122,3186.482699
6,1-6 weeks,broiler chicken,broiler DHA,g 1%,131.4798,3549.9546,21341.47129,,,,,,,1465.229925,80.36140275,23.17218705,52.8851187,79.0480971,72.5073525,28.7895897,47.2051935,53.4442806,13.0814892,59.4258633,0,0,0,0,0,0,0,0,0,0,328.7221032,0,0,0,0,0,0,0,0,0,0,0,0,0,0,0,70.999065,0,0,0,0,0,0,0,0,0,0,32751868.68,802289.7426,3194957.925,0,53253.33066,5324.929875,0,7460.428372,27683.7869,112087.8042,22662.61531,26630.80333,1205.652037,2771.487219,49.45794868,11183272.15,65.407446,49.83523468,26.35796025,0,14.199813,14.199813,21.2997195,10.89661412,1312.526547,62833.34408,2036.251744,549176.0371,380752.3534,974.4959044,302854.5966,131.4798,42.50,299.2691303,3.105648889,2.803906061,274.5594806,50.91605675,58.67357594,29.47061734,,,0.41961,0.74127,1.62427,5.72263,0.7141,3.28552,0.814463761,2.502743276,2.255202552,0.462606544,0.221244784,2.804607402,5.76042,0.403057563,7883.545258,0.746478873,2786.686725,0.479971782,3744.948651,0.165017172,6.32774,0.412376832,,0.882621951,
1,1-6 weeks,broiler chicken,broiler DHA,g 2%,105.7682,2855.7414,17156.84321,,,,,,,1182.430575,64.83301425,18.67808835,42.6302919,63.7267527,58.4526375,23.3089839,38.0611035,43.0676622,10.5482304,47.9044071,0,0,0,0,0,0,0,0,0,0,303.6145917,0,0,0,0,0,0,0,0,0,0,0,0,0,0,0,57.114855,0,0,0,0,0,0,0,0,0,0,26992480.47,1290795.788,2570168.475,0,42836.83042,4283.614125,0,6004.116927,23121.08448,94674.15881,17143.24239,21424.99763,1082.968046,2316.662027,45.30350299,8996326.047,52.741152,40.45669765,21.32798175,0,11.422971,11.422971,17.1344565,8.556895023,13.60160437,51043.8457,1601.029631,440229.3942,302561.4868,776.462093,245185.8706,105.7682,39.88,251.1040123,2.783177359,,594.9494154,62.43083695,65.23928787,23.37020585,,0.313029093,0.61361,1.35222,3.00316,0.01306,1.09912,6.25633,0.661952938,2.410540834,3.474137471,0.449687455,0.10992697,1.226328931,6.159,0.411916029,5490.058359,0.711267606,1462.617541,0.38053776,2080.418564,0.147412906,5.971455,0.396059646,4934.292322,0.882621951,2807.084184
2,1-6 weeks,broiler chicken,broiler DHA,g 2%,112.5967,3040.1109,18251.14984,,,,,,,1263.221325,69.24129075,19.92848265,45.4864221,68.0042493,62.3747925,24.9919101,40.6222425,45.9371898,11.2589136,51.1158789,0,0,0,0,0,0,0,0,0,0,322.9649315,0,0,0,0,0,0,0,0,0,0,0,0,0,0,0,60.802245,0,0,0,0,0,0,0,0,0,0,28735140.99,1374130.814,2736101.025,0,45602.49386,4560.168375,0,6391.747865,24613.80619,100786.4141,18250.03617,22808.21725,1152.885724,2466.23722,48.22834073,9577139.814,56.294568,43.26717411,22.85333325,0,12.160449,12.160449,18.2406735,8.935279207,14.51866783,54932.96365,1660.245694,466799.714,317643.9002,817.6881342,262870.7248,112.5967,35.27,236.519642,2.46566693,2.630957582,204.7997016,55.27771592,51.25517416,35.41851854,,,0.80007,1.1618,2.52191,6.41523,1.37029,3.88095,0.891115357,2.840627216,3.149870796,0.407659317,0.138813198,2.7902908,5.76837,0.432986299,5965.118688,0.781690141,2195.613848,0.477207303,2809.092318,0.177815806,6.856245,0.419360402,5175.047106,0.87195122,2816.685914
3,1-6 weeks,broiler chicken,broiler DHA,g 2%,103.14,2784.78,16700.07885,,,,,,,1163.193683,63.72924548,18.31541045,41.80769748,62.51520384,57.33832725,23.13558963,37.3520484,42.20038224,10.35375318,46.98457407,0,0,0,0,0,0,0,0,0,0,295.4974029,0,0,0,0,0,0,0,0,0,0,0,0,0,0,0,55.6956135,0,0,0,0,0,0,0,0,0,0,26321746.94,1258720.945,2506302.608,0,41772.55638,4177.171013,0,5854.919774,22546.55601,92321.61082,16717.2734,20892.61257,1056.057977,2259.116627,44.17776063,8772782.454,51.7687659,39.90386639,21.13617848,0,11.1391227,11.1391227,16.70868405,7.947614897,13.35233695,51128.36708,1460.639132,425071.306,284899.4296,736.8790128,243321.4956,103.14,44.11,24.994065,,2.815435959,445.9602043,60.54078465,64.55713598,33.74090538,,0.445247724,0.25892,0.70117,1.23287,2.34983,0.49354,2.78696,0.858473424,3.129732057,3.498221626,0.634355688,0.139955983,0.903936297,5.497765,0.408396506,6028.727727,0.733568075,2280.515446,0.515727129,3108.840312,0.197238668,6.176015,0.40499465,3427.095349,,2277.0596
4,1-6 weeks,broiler chicken,broiler DHA,g 2%,118.6839,3204.4653,19249.39097,,,,,,,1327.659188,72.79188863,20.96730698,47.8555614,71.5393512,65.61840375,26.18886465,42.728418,48.3435432,11.8418949,53.77650885,0,0,0,0,0,0,0,0,0,0,340.6423619,0,0,0,0,0,0,0,0,0,0,0,0,0,0,0,64.0892925,0,0,0,0,0,0,0,0,0,0,30288599.64,1448418.085,2884018.163,0,48067.75711,4806.696938,0,6737.294513,25944.45824,106235.0567,19236.64831,24041.25778,1215.212019,2599.557156,50.83562681,10094890.31,59.2094745,45.43438796,23.96036363,0,12.8178585,12.8178585,19.22678775,9.568993679,15.26986765,57388.82965,1788.214641,493637.981,338669.0834,869.5998198,275475.8263,118.6839,44.78,89.51175438,,2.652243549,302.021475,52.63164269,69.58800615,23.67522643,,,0.27919,0.54901,2.02416,1.81036,0.40575,3.22662,1.066182271,3.262456143,2.923114768,0.509094004,0.117864124,1.310363527,5.804595,0.443497225,7298.428697,0.727112676,2402.905771,0.445833323,3291.578149,0.165027682,6.29,0.391315037,5815.74136,,3835.876311
5,1-6 weeks,broiler chicken,broiler DHA,g 2%,113.6896,3069.6192,18444.48184,,,,,,,1270.083175,69.643395,20.06791524,45.80192952,68.46632568,62.80022664,25.0185348,40.89054053,46.27506672,11.33219808,51.46802856,0,0,0,0,0,0,0,0,0,0,326.4042132,0,0,0,0,0,0,0,0,0,0,0,0,0,0,0,61.3923624,0,0,0,0,0,0,0,0,0,0,29014030.47,1387467.459,2762656.308,0,46044.99707,4604.42718,0,6453.783864,24852.69326,101764.5981,18427.15067,23029.58145,1164.074814,2490.162102,48.69642186,9670088.146,56.6609904,43.44633889,22.89519108,0,12.27847248,12.27847248,18.41770872,9.23306259,14.61237155,54746.22215,1729.893073,473575.1518,326124.3845,836.4201254,263172.1403,113.6896,40.79,39.41427654,3.249520803,3.079736711,272.6655499,54.92878318,61.27428002,25.65786016,,0.176545346,0.18191,0.5055,1.1176,1.52786,0.33676,3.03463,1.431701621,4.70980202,3.171174505,0.452155216,0.11592136,1.384621011,6.819,0.394766124,6828.800328,0.820422535,3157.187344,0.561387438,3872.349077,,6.38697,0.398809322,7327.523577,0.882621951,4421.165073
6,1-6 weeks,broiler chicken,broiler DHA,g 2%,112.3299,3032.9073,18209.81568,,,,,,,1259.590025,69.045318,19.87488036,45.36375138,67.81971402,62.20572336,24.9071706,40.51109797,45.81557748,11.22798132,50.97774204,0,0,0,0,0,0,0,0,0,0,322.2356448,0,0,0,0,0,0,0,0,0,0,0,0,0,0,0,60.6581676,0,0,0,0,0,0,0,0,0,0,28667050.01,1370874.663,2729617.542,0,45494.42294,4549.36257,0,6376.602027,24555.48083,100547.5898,18206.78939,22754.17058,1150.153807,2460.391881,48.11405854,9554445.431,56.1399066,43.13619499,22.77791442,0,12.13163352,12.13163352,18.19745028,8.939048748,14.47868546,54717.71924,1662.638027,465958.8781,317529.0791,817.0263614,261981.9405,112.3299,43.37,77.78714512,3.43308152,3.291709462,267.2994131,59.90107463,70.48333051,33.89341567,,0.189340697,0.30103,0.4235,1.83057,2.0399,0.77468,2.3742,0.767507575,2.483026395,2.39218436,0.361051952,0.136219259,0.891503042,5.927355,0.372827608,6399.262187,0.776408451,2246.370921,0.458627052,2903.631598,0.181246288,6.25824,0.382863225,5071.08213,0.861280488,2821.387492
1,1-6 weeks,broiler chicken,broiler DHA,g4% ,106.7735,2882.8845,17304.73943,,,,,,,1198.7244,65.701989,18.9061668,43.1534277,64.5178041,59.17671,23.7327462,38.5408125,43.5781026,10.6821882,48.4945218,0,0,0,0,0,0,0,0,0,0,385.5314753,0,0,0,0,0,0,0,0,0,0,0,0,0,0,0,57.65769,0,0,0,0,0,0,0,0,0,0,28552088.09,2606127.658,2594596.05,0,43246.28881,4324.32675,0,6066.454507,25058.30757,104648.7453,17310.0094,21632.60489,1321.584524,2515.335,56.89902591,9081821.276,53.410941,41.4552686,21.6992115,0,11.531538,11.531538,17.297307,8.5555602,13.7169747,52203.17683,1566.1107,442310.8718,300382.1351,773.7308641,249623.1597,106.7735,42.20,75.72186871,2.78813846,,535.6062551,66.12370838,59.69680378,21.23506183,,0.313029093,0.28893,0.53051,0.29271,1.26178,0.47378,3.17152,1.084866569,3.115538804,2.676251762,0.406341818,0.223295601,1.874952201,6.25311,0.359347731,7362.726571,0.794014085,3089.973633,0.537832297,3892.83508,,6.52593,0.382077019,5788.328297,,5956.455492
2,1-6 weeks,broiler chicken,broiler DHA,g4% ,113.0955,3053.5785,18332.7897,,,,,,,1268.549843,69.53464778,20.01408521,45.68167287,68.29568271,62.64218025,25.09193997,40.79594835,46.13532606,11.30700492,51.33517533,0,0,0,0,0,0,0,0,0,0,408.4234135,0,0,0,0,0,0,0,0,0,0,0,0,0,0,0,61.0715565,0,0,0,0,0,0,0,0,0,0,30242634.78,2760434.426,2748220.043,0,45806.86946,4580.366738,0,6425.644672,26541.98331,110844.9143,18334.91897,22913.45401,1399.834448,2664.265547,60.26820252,9619548.179,56.5350246,43.8620167,22.94566853,0,12.2143113,12.2143113,18.32146695,9.10813167,14.51764512,55140.71713,1670.243912,468978.0173,319317.4457,821.8428647,263923.8306,113.0955,39.52,143.7915814,2.847671665,2.513884766,183.0194992,,55.68916143,,,,0.57391,0.87689,4.76761,13.51049,2.95412,5.00848,2.139012555,3.123159968,3.608481688,0.604279104,0.718839635,4.617709139,6.605805,0.363399567,,0.802816901,,0.506319475,2043.899467,0.196674049,6.2486,0.356388117,5317.858735,0.87601626,2326.653005
3,1-6 weeks,broiler chicken,broiler DHA,g4% ,96.85869,2615.18463,15701.26762,,,,,,,1086.27365,59.54405175,17.13917961,39.11969088,58.48501752,53.64368586,21.4833951,34.93539547,39.50872848,9.68266332,43.96102254,0,0,0,0,0,0,0,0,0,0,349.7959699,0,0,0,0,0,0,0,0,0,0,0,0,0,0,0,52.3036926,0,0,0,0,0,0,0,0,0,0,25900788.58,2364126.967,2353666.167,0,39230.51208,3922.776945,0,5503.133771,22731.42783,94931.23557,15702.6282,19623.8367,1198.864323,2281.76471,51.61570464,8238497.836,48.4133166,37.55846808,19.64628567,0,10.46073852,10.46073852,15.69110778,7.806672756,12.43184728,47203.7606,1431.981246,401712.3541,273628.1756,704.1617162,225968.7879,96.85869,38.92,72.29591059,,2.678851007,487.6266786,64.37904471,49.37925647,24.89530872,,0.127496499,0.27747,0.77229,3.24477,4.28748,1.15597,3.99227,0.406619384,1.402557715,1.825658502,0.352991562,0.063168434,0.52248359,6.6138,0.404259249,6074.643533,0.779929577,2339.410791,0.492743657,2993.131397,0.190543093,6.586365,0.432493621,6688.118308,0.891768293,3901.536979
4,1-6 weeks,broiler chicken,broiler DHA,g4% ,114.9584,3103.8768,18627.34626,,,,,,,1291.922463,70.80387863,20.36853122,46.49194692,69.51148488,63.75660039,25.60432545,41.52574253,46.94481792,11.50976898,52.24683141,0,0,0,0,0,0,0,0,0,0,415.0113509,0,0,0,0,0,0,0,0,0,0,0,0,0,0,0,62.0775549,0,0,0,0,0,0,0,0,0,0,30740805.19,2805905.559,2793489.971,0,46561.41694,4655.816618,0,6531.490457,26979.20988,112670.8041,18636.94543,23290.89571,1422.893278,2708.153531,61.26047241,9778007.026,57.5488449,44.68742922,23.40618971,0,12.41551098,12.41551098,18.62326647,9.159105294,14.78155127,56379.27025,1673.198388,475673.3809,322101.2546,830.4280155,269303.4278,114.9584,43.54,97.13869738,2.093584395,2.725857516,372.096909,64.96059927,55.43335448,19.40493839,,,0.34616,0.6699,2.36228,1.84423,0.35196,3.69519,0.571765287,2.020944985,2.081689157,0.463946048,0.197641584,1.33453854,6.842385,0.433875594,5190.867577,0.806338028,2416.165163,0.591129128,3000.323009,,6.1568,0.387262141,6757.044548,0.841463415,3619.716163
5,1-6 weeks,broiler chicken,broiler DHA,g4% ,116.1581,3136.2687,18830.23153,,,,,,,1302.575445,71.40131235,20.55280257,46.91111598,70.13315934,64.3276485,25.75834938,41.8930839,47.37814524,11.61102168,52.71662682,0,0,0,0,0,0,0,0,0,0,419.5021736,0,0,0,0,0,0,0,0,0,0,0,0,0,0,0,62.725401,0,0,0,0,0,0,0,0,0,0,31061618.58,2835188.199,2822643.045,0,47047.34009,4704.405075,0,6599.653991,27260.74987,113846.6429,18831.4359,23533.96027,1437.742562,2736.414894,61.9003573,9880049.588,58.0551084,45.03622082,23.55613785,0,12.5450802,12.5450802,18.8176203,9.36787518,14.90751648,56590.3074,1718.720404,481814.2488,328291.9375,844.7532469,270934.6022,116.1581,44.38,117.5859204,2.698838651,2.956455488,87.37600138,60.19185191,73.38247603,27.48798361,,0.178677904,0.47629,0.69071,3.04442,1.60295,0.38613,3.54327,0.475807766,2.851682383,2.472604283,0.184350127,0.090907716,1.02897262,6.342945,0.410546894,,0.809859155,,0.463066538,,0.176084848,,0.405960947,5122.976062,0.87804878,2925.960337
6,1-6 weeks,broiler chicken,broiler DHA,g4% ,118.5899,3201.9273,19229.4484,,,,,,,1328.17158,72.8124309,20.96633808,47.85414687,71.54002971,65.618559,26.23068522,42.73106535,48.33652806,11.84294142,53.77561758,0,0,0,0,0,0,0,0,0,0,428.3786078,0,0,0,0,0,0,0,0,0,0,0,0,0,0,0,64.038519,0,0,0,0,0,0,0,0,0,0,31711874.61,2894541.132,2881733.355,0,48032.2502,4802.888925,0,6737.813957,27831.42692,116229.9515,19225.65691,24026.62877,1467.840744,2793.699399,63.19653801,10086881.53,59.2147071,45.90953529,23.99352165,0,12.8077038,12.8077038,19.2115557,9.63088542,15.20287137,57551.95798,1771.286265,492596.2442,336836.7741,865.7823688,275909.4125,118.5899,44.16,47.48326982,,2.7365005,108.8405487,60.94787283,78.07227026,23.82773671,,0.202136048,0.71472,0.82446,3.01902,2.57338,0.92954,5.95567,0.480742783,1.633322938,1.973383768,0.209235007,0.08578747,0.704691367,6.49295,0.381606354,10128.79476,0.789906103,4126.872315,0.51375416,5225.477259,0.186928733,6.65511,0.387029518,7100.908266,0.862804878,4400.55319
1,1- 6 weeks,broiler chicken,broiler AST,control,163.26947,4408.27569,13067.6238,0,0,0,0,0,0,929.3657288,59.37672168,23.21756414,36.07667991,73.85045256,49.34816016,25.7591931,42.11856746,34.52095108,10.39518834,39.74798281,0,0,14.14146445,0,0,0,0,0,31.26728811,0,191.3969248,0,0,0,0,0,0,0,0,0,0,0,0,0,0,0,78.96266481,0,0,0,0,0,0,0,0,0,0,0,2323.23576,0,0,24453.99956,0,0,13785.25137,7845.742149,94616.43572,38449.98065,22541.14344,555.8204265,2510.922397,0,5812525.142,41.33467165,31.61544295,18.40532549,0,8.529935093,13.76393172,42.51012526,7.831096479,9.27106054,25227.65678,0,1122091.382,82387.39421,1580.174359,115487.6437,163.27,48.05294,34.32769,3.220096,9.428383,1040.297,0.9712942,65.4929,18.29792,0.3800962,241.8965,,,,,,,,,,,,,,,,,,,,,,,,,
2,1- 6 weeks,broiler chicken,broiler AST,control,149.53374,4037.41098,4127.848485,0,0,0,0,0,0,850.3170678,54.31891832,21.24426176,33.00750084,67.58861417,45.14150254,23.55392718,38.53674105,31.5892034,9.509441378,36.36907111,0,0,12.94234933,0,0,0,0,0,28.60537382,0,175.3503056,0,0,0,0,0,0,0,0,0,0,0,0,0,0,0,72.35511319,0,0,0,0,0,0,0,0,0,0,0,2129.367535,0,0,22412.66753,0,0,12627.60292,7182.238776,86670.66876,35199.01755,20643.96334,508.6689691,2297.206344,0,5319392.315,37.82786833,28.93494292,16.84193985,0,7.811638752,12.60615527,38.8963332,7.165184584,8.485168833,23076.73173,0,1026438.646,75380.1884,1445.359886,105576.3096,149.53,43.86638,50.06234,,,869.7522,1.077493,54.29802,15.16579,0.3551902,277.7672,,,,,,,,,,,,,,,,,,,,,,,,,
3,1- 6 weeks,broiler chicken,broiler AST,control,169.15351,4567.14477,4258.090842,0,0,0,0,0,0,957.633945,61.13776198,23.9328831,37.1702513,76.21573078,50.79295356,26.45614631,43.40352072,35.59815992,10.70187006,40.96859626,0,0,14.59408854,0,0,0,0,0,32.20362743,0,198.630816,0,0,0,0,0,0,0,0,0,0,0,0,0,0,0,82.02369069,0,0,0,0,0,0,0,0,0,0,0,2416.563841,0,0,25432.07069,0,0,14294.74881,8107.593977,98112.61933,39737.47913,23348.57876,573.482757,2586.413576,0,5996965.335,42.64638853,32.62922359,18.9779353,0,8.833223153,14.26101115,43.81510554,8.070349152,9.569259775,25963.79411,0,1154939.506,84895.66886,1625.750807,118464.7671,169.15,51.83524,42.5391,3.430622,10.3016,919.4005,0.9712942,57.97193,18.00536,0.5410957,96.93938,,,,,,,,,,,,,,,,,,,,,,,,,
4,1- 6 weeks,broiler chicken,broiler AST,control,170.54776,4604.78952,4498.609165,0,0,0,0,0,0,967.6496352,61.79556825,24.17946822,37.56054322,76.96425694,51.34714453,26.76819587,43.85589801,35.95936628,10.81768074,41.39233567,0,0,14.73754077,0,0,0,0,0,32.5464451,0,200.1314823,0,0,0,0,0,0,0,0,0,0,0,0,0,0,0,82.61231665,0,0,0,0,0,0,0,0,0,0,0,2432.582367,0,0,25602.38429,0,0,14407.41757,8182.910191,98886.25182,40104.90156,23543.02862,579.1718836,2613.824845,0,6056565.044,43.07017863,32.94918956,19.17120161,0,8.90770495,14.37813386,44.26847238,8.154323634,9.662724585,26248.08803,0,1167542.424,85782.62551,1643.769991,119922.5207,170.55,52.5824,,0.5598086,9.888184,389.1682,0.9297105,72.4944,18.03978,0.3987757,105.0471,,,,,,,,,,,,,,,,,,,,,,,,,
5,1- 6 weeks,broiler chicken,broiler AST,control,176.07054,4753.90458,18709.2608,0,0,0,0,0,0,1006.580498,64.34738628,25.1389681,39.07717959,79.88716598,53.49494891,27.97138342,45.61471595,37.36643286,11.26676521,43.04071287,0,0,15.29766969,0,0,0,0,0,33.87731721,0,206.1235546,0,0,0,0,0,0,0,0,0,0,0,0,0,0,0,84.97452159,0,0,0,0,0,0,0,0,0,0,0,2497.397762,0,0,26290.76624,0,0,14855.51464,8478.276597,101962.9612,41546.35085,24312.567,601.3705781,2720.272719,0,6289088.823,44.72357631,34.1987641,19.92386432,0,9.202150162,14.84221826,46.0320506,8.480850375,10.02784556,27349.62172,0,1216385.451,89230.4766,1713.530301,125528.4857,176.07,45.18016,52.37325,2.129187,8.75885,622.7104,0.9904867,53.09346,17.31698,0.4597064,,,,,,,,,,,,,,,,,,,,,,,,,,
6,1- 6 weeks,broiler chicken,broiler AST,control,198.24097,5352.50619,19754.18654,0,0,0,0,0,0,1127.860121,72.05351272,28.17737953,43.78154397,89.63647425,59.88182071,31.25139409,51.11469235,41.89692535,12.61435892,48.2386458,0,0,17.16426325,0,0,0,0,0,37.94376349,0,232.4299264,0,0,0,0,0,0,0,0,0,0,0,0,0,0,0,95.89960273,0,0,0,0,0,0,0,0,0,0,0,2821.910581,0,0,29702.50081,0,0,16739.37026,9523.976453,114892.235,46675.04109,27368.80524,674.6154694,3047.109966,0,7054802.435,50.16890285,38.37358404,22.33774094,0,10.35655394,16.71221078,51.59076643,9.50378144,11.25294932,30612.38171,0,1361608.079,99983.98865,1917.396938,140095.0098,198.24,56.034525,52.63283,0.7559808,9.214617,717.5073,1.184971,57.08356,15.57882,0.5419852,164.5041,,,,,,,,,,,,,,,,,,,,,,,,,
1,1- 6 weeks,broiler chicken,broiler AST,0.5% P-1,60.78065,1641.07755,4759.285721,0,0,0,0,0,0,377.4635908,24.3871535,9.374910856,14.6752756,29.27742872,20.38159632,10.98374058,17.08335407,13.85685907,4.279305328,16.07374084,0,0,5.60806744,0,0,0,0,0,12.7878966,0,69.22590251,0,0,0,0,0,0,0,0,0,0,0,0,0,0,0,28.09813595,0,0,0,0,0,0,0,0,0,0,0,807.016296,0,0,8520.343353,0,0,5055.372214,3046.693293,34702.8823,14905.57917,8421.090983,221.1909965,1025.135195,0,2314712.971,16.46000783,12.5264434,7.398336663,0,3.200288305,5.117637979,17.19347103,3.174246046,3.667808324,10434.29928,0,463465.9748,33447.78619,656.7789284,50133.27807,60.78,34.04614,50.57188,1.416268,,433.2667,0.9956048,56.13497,14.15043,0.4645987,312.4095,,,,,,,,,,,,,,,,,,,,,,,,,
2,1- 6 weeks,broiler chicken,broiler AST,0.5% P-1,168.69915,4554.87705,17908.29382,0,0,0,0,0,0,959.4747559,61.21500472,23.92100617,37.05217621,76.25982821,51.01653631,26.62584021,43.54593671,35.46342361,10.69884348,41.00325948,0,0,14.53587176,0,0,0,0,0,32.39506227,0,197.4199669,0,0,0,0,0,0,0,0,0,0,0,0,0,0,0,81.40829715,0,0,0,0,0,0,0,0,0,0,0,2393.579488,0,0,25192.78428,0,0,14185.68028,8062.866461,97364.51165,39515.67208,23186.07206,570.8619691,2577.225639,0,5969721.554,42.68555703,32.69938206,18.9884581,0,8.830816196,14.21283527,43.71550126,8.115661985,9.527685995,26083.41593,0,1239370.364,86272.82744,1621.160187,132837.4628,168.70,48.74442,33.4847,2.511962,10.8098,970.2488,1.219517,55.17885,22.41099,0.5753414,170.8921,,,,,,,,,,,,,,,,,,,,,,,,,
3,1- 6 weeks,broiler chicken,broiler AST,0.5% P-1,179.03553,4833.95931,22011.00156,0,0,0,0,0,0,1015.146008,64.73696457,25.31247453,39.19235845,80.75561191,53.94610809,28.12081631,46.07728524,37.53039239,11.3127216,43.38798817,0,0,15.39011451,0,0,0,0,0,34.27044512,0,209.7027306,0,0,0,0,0,0,0,0,0,0,0,0,0,0,0,86.51716817,0,0,0,0,0,0,0,0,0,0,0,2545.667768,0,0,26790.94909,0,0,15060.30519,8542.985251,103367.0822,41871.26847,24600.09874,604.3173976,2725.660705,0,6319417.432,45.19492735,34.62981263,20.09726597,0,9.370062253,15.08397591,46.25243027,8.588369559,10.08839847,27579.88286,0,1313646.937,91326.91489,1713.360025,140753.5708,179.04,51.97592,36.80812,,8.89195,1478.432,1.036549,56.0898,,0.3934387,259.3405,,,,,,,,,,,,,,,,,,,,,,,,,
4,1- 6 weeks,broiler chicken,broiler AST,0.5% P-1,193.11177,5214.01779,23846.07011,0,0,0,0,0,0,1099.651381,70.1711067,27.41430217,42.46952936,87.37088577,58.4829458,30.53710777,49.90587328,40.64056891,12.26485837,46.99132827,0,0,16.65489964,0,0,0,0,0,37.12971148,0,225.9091616,0,0,0,0,0,0,0,0,0,0,0,0,0,0,0,93.13737977,0,0,0,0,0,0,0,0,0,0,0,2737.639037,0,0,28815.16691,0,0,16236.17703,9235.58435,111438.4614,45262.00643,26544.17178,654.1214348,2954.221648,0,6840465.985,48.90786978,37.46253536,21.75961213,0,10.10951224,16.26945858,50.10202788,9.300563142,10.91628725,29901.36962,0,1419429.694,98856.43395,1858.802754,152155.6621,193.11,49.43394,58.5485,2.019139,8.3898,745.5563,1.198406,48.38062,,0.5713387,112.6635,,,,,,,,,,,,,,,,,,,,,,,,,
5,1- 6 weeks,broiler chicken,broiler AST,0.5% P-1,208.06424,5617.73448,23064.99006,0,0,0,0,0,0,1182.833208,75.46030916,29.49023187,45.6759952,94.02461194,62.88760471,32.81564267,53.6838999,43.7206195,13.18828012,50.54946196,0,0,17.92155507,0,0,0,0,0,39.93566203,0,243.5186557,0,0,0,0,0,0,0,0,0,0,0,0,0,0,0,100.4250721,0,0,0,0,0,0,0,0,0,0,0,2953.032829,0,0,31080.67485,0,0,17496.76417,9941.930973,120090.309,48725.30099,28595.30015,703.8108635,3176.996746,0,7359991.634,52.62798298,40.31718455,23.41002589,0,10.89113147,17.52938005,53.89221358,10.00523537,11.74700121,32152.55264,0,1528288.641,106364.7046,1998.236936,163796.4842,208.06,59.79557,,,10.3984,644.7597,0.6379845,60.62196,19.10676,0.5197477,107.7497,,,,,,,,,,,,,,,,,,,,,,,,,
6,1- 6 weeks,broiler chicken,broiler AST,0.5% P-1,172.91212,4668.62724,18655.56415,0,0,0,0,0,0,987.8304488,63.06626422,24.62300521,38.1608439,78.41347428,52.56730783,27.48311391,44.82624033,36.49839181,11.02475434,42.20713121,0,0,14.95018147,0,0,0,0,0,33.35845676,0,202.0870581,0,0,0,0,0,0,0,0,0,0,0,0,0,0,0,83.27087397,0,0,0,0,0,0,0,0,0,0,0,2445.6976,0,0,25744.98305,0,0,14532.25499,8283.82312,99743.93782,40594.95904,23774.42254,587.264033,2654.945525,0,6141470.223,43.90103559,33.6190527,19.53969415,0,9.053927414,14.56734655,45.00681969,8.352947272,9.798135242,26878.18278,0,1272663.379,88754.36384,1671.699208,136469.2449,172.91,43.12299,55.18156,4.272727,10.40042,629.1602,1.305244,72.6525,,0.4116734,330.3449,,,,,,,,,,,,,,,,,,,,,,,,,
1,1- 6 weeks,broiler chicken,broiler AST,0.08% P-2,189.21221,5108.72967,20078.81558,0,0,0,0,0,0,1079.711694,69.0491529,27.00337934,42.02108355,85.75328555,57.35636264,29.96361978,48.91718694,40.17416814,12.10190269,46.20851954,0,0,16.44759867,0,0,0,0,0,36.26979616,0,221.7580919,0,0,0,0,0,0,0,0,0,0,0,0,0,0,0,91.46213761,0,0,0,0,0,0,0,0,0,0,0,2689.848998,0,0,28315.84149,0,0,15990.8901,9120.296959,109755.604,44693.35561,26165.28689,646.7219778,2924.510978,0,6763314.559,47.99300478,36.68372629,21.38473506,0,9.889743331,15.95373607,49.46687461,9.076001099,10.78315608,29298.11956,0,1253980.768,95005.62768,1841.775327,125645.5027,189.21,52.840685,15.88746,,8.61365,439.1165,1.113319,71.45547,17.55791,0.3609719,215.6077,,,,,,,,,,,,,,,,,,,,,,,,,
2,1- 6 weeks,broiler chicken,broiler AST,0.08% P-2,173.30297,4679.18019,20880.43761,0,0,0,0,0,0,992.792865,63.52705406,24.82490242,38.6491478,78.76218369,52.77713089,27.61339619,44.97374154,36.92760057,11.13600595,42.48144844,0,0,15.1097798,0,0,0,0,0,33.35595828,0,202.8809234,0,0,0,0,0,0,0,0,0,0,0,0,0,0,0,83.62195279,0,0,0,0,0,0,0,0,0,0,0,2456.947902,0,0,25867.32905,0,0,14639.59092,8370.687556,100481.3839,41016.78319,23973.46666,594.2318417,2690.362213,0,6214579.071,44.08914993,33.6899456,19.65442454,0,9.060465523,14.6119446,45.48317385,8.343317511,9.905086423,26960.79147,0,1150603.898,87305.02903,1695.758024,115357.5543,173.30,44.242635,52.85851,,8.109484,951.4995,0.948903,82.42449,14.40857,0.4766069,134.0386,,,,,,,,,,,,,,,,,,,,,,,,,
3,1- 6 weeks,broiler chicken,broiler AST,0.08% P-2,76.38854,2062.49058,5497.523714,0,0,0,0,0,0,474.415527,30.70319342,11.81866172,18.57171623,36.80424557,25.58118699,13.78264672,21.43876396,17.52788418,5.400471122,20.23187265,0,0,7.089839831,0,0,0,0,0,15.99590557,0,87.22169538,0,0,0,0,0,0,0,0,0,0,0,0,0,0,0,35.43103068,0,0,0,0,0,0,0,0,0,0,0,1018.829097,0,0,10757.22899,0,0,6388.440822,3853.825523,43853.91221,18853.84514,10645.09138,279.9005966,1297.75826,0,2929127.878,20.68581115,15.71318761,9.308572941,0,4.015260786,6.43705785,21.72010892,3.967499692,4.63831444,13084.85274,0,526781.2243,41221.76173,831.672514,53480.99949,76.39,61.5448,54.14021,2.593302,9.069417,,0.7960027,51.36943,9.211302,0.3614167,275.8017,,,,,,,,,,,,,,,,,,,,,,,,,
4,1- 6 weeks,broiler chicken,broiler AST,0.08% P-2,176.12423,4755.35421,21997.52635,0,0,0,0,0,0,1001.894731,64.04307144,25.060964,38.98375475,79.64403429,53.19172698,27.75391173,45.39610154,37.28884346,11.22294408,42.88401356,0,0,15.27333629,0,0,0,0,0,33.65093849,0,206.6064411,0,0,0,0,0,0,0,0,0,0,0,0,0,0,0,85.25711699,0,0,0,0,0,0,0,0,0,0,0,2509.247817,0,0,26412.05642,0,0,14890.26578,8475.466743,102200.8346,41535.97746,24348.76826,600.4581503,2712.69838,0,6279334.475,44.56673714,34.07281966,19.85062594,0,9.203824088,14.850508,45.90293395,8.4235358,10.0141014,27169.34343,0,1165572.517,88200.90506,1707.212147,116730.3916,176.12,47.907455,48.53725,2.028708,9.071433,550.1129,1.116518,59.79382,24.02868,0.6767444,322.7285,,,,,,,,,,,,,,,,,,,,,,,,,
5,1- 6 weeks,broiler chicken,broiler AST,0.08% P-2,171.48785,4630.17195,20867.64016,0,0,0,0,0,0,973.4061032,62.20199966,24.35091556,37.86931249,77.42755655,51.65834598,26.9307661,44.10830351,36.23538805,10.89925176,41.66856723,0,0,14.84659146,0,0,0,0,0,32.69081781,0,201.2942302,0,0,0,0,0,0,0,0,0,0,0,0,0,0,0,83.09477623,0,0,0,0,0,0,0,0,0,0,0,2446.877279,0,0,25753.79351,0,0,14501.98609,8242.924257,99535.50888,40398.08408,23703.31619,583.6190255,2634.861136,0,6103129.562,43.32162272,33.126286,19.29100678,0,8.960298378,14.45978276,44.59853172,8.185138698,9.734843292,26385.14222,0,1133762.695,85721.72516,1657.433806,113506.262,171.49,43.788825,47.82682,,,859.7025,0.9597787,65.19929,15.85417,0.3929939,186.1248,,,,,,,,,,,,,,,,,,,,,,,,,
6,1- 6 weeks,broiler chicken,broiler AST,0.08% P-2,157.79359,4260.42693,20023.93211,0,0,0,0,0,0,897.1114717,57.34030803,22.44057442,34.90520512,71.32603524,47.62364471,24.8431015,40.64907377,33.39063094,10.04809281,38.39993414,0,0,13.67778723,0,0,0,0,0,30.13076713,0,185.1337041,0,0,0,0,0,0,0,0,0,0,0,0,0,0,0,76.40344604,0,0,0,0,0,0,0,0,0,0,0,2248.976046,0,0,23672.04297,0,0,13341.40721,7591.091437,91570.00921,37202.30944,21813.52206,537.7155981,2428.821747,0,5623173.614,39.91103938,30.51467468,17.77570678,0,8.24561143,13.30494801,41.10237208,7.542829641,8.968095219,24325.03547,0,1043991.371,78983.32457,1528.366561,104544.982,157.79,39.14073,19.54585,3.62201,,,1.002002,68.4516,,0.3418477,,,,,,,,,,,,,,,,,,,,,,,,,,
1,1- 6 weeks,broiler chicken,broiler AST,2% P-1,177.66477,4796.94879,21807.93332,0,0,0,0,0,0,1012.243171,64.21002007,24.99006812,38.15173701,80.41855188,54.21602974,28.3200287,46.24325327,36.52784623,11.13521748,43.0887299,0,0,15.00254093,0,0,0,0,0,34.75058865,0,205.9705764,0,0,0,0,0,0,0,0,0,0,0,0,0,0,0,84.67543834,0,0,0,0,0,0,0,0,0,0,0,2478.892384,0,0,26086.90642,0,0,14651.93283,8302.846193,100563.9579,40695.56889,23925.29677,587.0613453,2646.52675,0,6138888.605,45.0148298,34.72607533,19.94522172,0,9.388427106,14.92524119,45.27047272,8.710062534,9.822072739,27735.58779,0,1702592.564,96928.51483,1663.029319,206983.7209,177.66,50.6923,40.13457,1.129187,,327.2203,0.9457042,58.16767,19.91561,0.5215267,146.5688,,,,,,,,,,,,,,,,,,,,,,,,,
2,1- 6 weeks,broiler chicken,broiler AST,2% P-1,164.28728,4435.75656,21836.58693,0,0,0,0,0,0,933.0118517,59.15407697,23.03668134,35.15332534,74.19252829,49.9439944,26.05560451,42.62910076,33.67504217,10.25650495,39.72097011,0,0,13.83773821,0,0,0,0,0,32.0281378,0,190.6426083,0,0,0,0,0,0,0,0,0,0,0,0,0,0,0,78.41682019,0,0,0,0,0,0,0,0,0,0,0,2297.502016,0,0,24175.52905,0,0,13554.00953,7664.243123,93027.86106,37568.0031,22117.47653,541.3867849,2438.092988,0,5661114.953,41.5227721,32.04061464,18.39053187,0,8.679746917,13.80172674,41.72491476,8.030485999,9.060218548,25548.87429,0,1572786.3,89405.89358,1530.914634,191183.1576,164.29,48.120535,36.51008,1.550239,8.853633,891.8015,1.261741,61.72112,18.91746,0.5793442,144.6032,,,,,,,,,,,,,,,,,,,,,,,,,
3,1- 6 weeks,broiler chicken,broiler AST,2% P-1,175.32504,4733.77608,19662.7861,0,0,0,0,0,0,1000.094322,63.45115536,24.68909602,37.69861255,79.42648037,53.57646562,27.99885351,45.68611016,36.0869558,11.00436818,42.56965154,0,0,14.81875947,0,0,0,0,0,34.33446351,0,203.1871532,0,0,0,0,0,0,0,0,0,0,0,0,0,0,0,83.5143831,0,0,0,0,0,0,0,0,0,0,0,2444.183717,0,0,25722.62438,0,0,14456.89298,8198.770116,99225.48031,40184.47655,23612.70069,579.907051,2615.266224,0,6064137.358,44.46225587,34.29648987,19.70329861,0,9.265480546,14.7285677,44.72796502,8.604667748,9.701463834,27408.89088,0,1680800.936,95739.98386,1643.832353,204342.3822,175.33,45.60158,35.50314,2.291866,9.228733,977.8986,1.064058,54.55399,21.48167,0.3792067,256.1465,,,,,,,,,,,,,,,,,,,,,,,,,
4,1- 6 weeks,broiler chicken,broiler AST,2% P-1,180.00465,4860.12555,19086.14874,0,0,0,0,0,0,1028.362386,65.26030144,25.38555432,38.77052553,81.6357095,55.10563951,28.81516334,46.97460389,37.10365885,11.31912994,43.7703294,0,0,15.23266398,0,0,0,0,0,35.30620264,0,208.5159364,0,0,0,0,0,0,0,0,0,0,0,0,0,0,0,85.68226891,0,0,0,0,0,0,0,0,0,0,0,2506.672565,0,0,26381.5628,0,0,14839.98688,8424.621474,101855.1062,41290.14083,24246.2589,596.1540472,2689.856936,0,6234114.854,45.7026172,35.24885142,20.2568368,0,9.513709233,15.12153184,45.99331575,8.846741068,9.972052802,28191.84237,0,1726503.219,98412.57177,1691.310724,209909.0833,180.00,43.954685,26.90515,5.282297,8.526934,1154.893,1.05766,66.56194,17.93652,0.4192342,223.4697,,,,,,,,,,,,,,,,,,,,,,,,,
5,1- 6 weeks,broiler chicken,broiler AST,2% P-1,190.33438,5139.02826,21916.04348,0,0,0,0,0,0,1086.305971,68.92679055,26.81685817,40.95076366,86.25979835,58.20054281,30.42186585,49.62333958,39.19652798,11.95438862,46.23833406,0,0,16.09431694,0,0,0,0,0,37.29469183,0,220.5460257,0,0,0,0,0,0,0,0,0,0,0,0,0,0,0,90.64081183,0,0,0,0,0,0,0,0,0,0,0,2652.388277,0,0,27914.2652,0,0,15693.47923,8903.307344,107712.9336,43637.12156,25635.40294,629.842552,2840.964219,0,6586347.849,48.28886877,37.24652846,21.40051384,0,10.05903468,15.98940124,48.58408744,9.345989233,10.53639376,29774.74275,0,1825009.406,103980.4338,1785.919926,221878.3991,190.33,52.622125,31.03463,3.014354,9.446533,945.4996,1.136989,66.50925,21.60214,0.3978862,111.1894,,,,,,,,,,,,,,,,,,,,,,,,,
6,1- 6 weeks,broiler chicken,broiler AST,2% P-1,172.81669,4666.05063,17904.82277,0,0,0,0,0,0,987.0239398,62.6342251,24.36533867,37.21091333,78.36030518,52.88791293,27.6525167,45.08679696,35.61272844,10.86347415,42.0112817,0,0,14.62119649,0,0,0,0,0,33.88673329,0,200.2058939,0,0,0,0,0,0,0,0,0,0,0,0,0,0,0,82.27144034,0,0,0,0,0,0,0,0,0,0,0,2407.053955,0,0,25332.8961,0,0,14247.87805,8086.988496,97791.09043,39635.58399,23277.4797,572.2147085,2581.613002,0,5983761.774,43.8682929,33.83486566,19.44313333,0,9.13364649,14.51772491,44.14427097,8.491315004,9.571822686,27057.14882,0,1657414.294,94462.3748,1623.146666,201507.3986,172.82,43.110555,39.56178,5.205741,,427.5669,0.913077,66.19305,18.65932,0.4121182,214.1335,,,,,,,,,,,,,,,,,,,,,,,,,
1,1- 6 weeks,broiler chicken,broiler AST,0.32% P-2,192.33078,5192.93106,22111.83984,0,0,0,0,0,0,1100.275526,70.36292981,27.52008551,42.76715694,87.38289518,58.61505998,30.63068499,49.93005057,40.82255934,12.33567852,47.12682558,0,0,16.70993114,0,0,0,0,0,37.0049689,0,224.9135294,0,0,0,0,0,0,0,0,0,0,0,0,0,0,0,92.67666277,0,0,0,0,0,0,0,0,0,0,0,2721.903461,0,0,28655.47216,0,0,16204.13981,9256.306405,111219.6822,45357.70145,26527.35154,656.8197408,2972.365378,0,6869050.299,48.86901965,37.39243933,21.7732137,0,10.09712189,16.20967477,50.32330085,9.242614757,10.95265635,29873.25245,0,1284505.632,97037.71229,1872.896652,128431.5462,192.33,49.438625,22.41539,1.712919,8.157884,548.6129,1.146586,58.13755,24.66543,0.3912149,214.1335,,,,,,,,,,,,,,,,,,,,,,,,,
2,1- 6 weeks,broiler chicken,broiler AST,0.32% P-2,173.98761,4697.66547,20975.23557,0,0,0,0,0,0,993.5827695,63.52331629,24.85360535,38.61505066,78.94934124,52.91417884,27.63247992,45.09101475,36.86951174,11.13571913,42.56031014,0,0,15.09575295,0,0,0,0,0,33.41399705,0,203.5679979,0,0,0,0,0,0,0,0,0,0,0,0,0,0,0,83.90592639,0,0,0,0,0,0,0,0,0,0,0,2465.367364,0,0,25953.26305,0,0,14661.77422,8365.671523,100633.1379,40994.85396,23993.63369,593.319344,2683.543625,0,6204870.546,44.14849676,33.78502352,19.66585225,0,9.133098977,14.66388064,45.44405,8.347287248,9.895075758,26966.85198,0,1161062.558,87652.24511,1690.255243,116056.9993,173.99,51.070995,29.02125,4.162679,8.768933,768.8055,1.228474,64.69488,34.06182,0.5277532,150.4998,,,,,,,,,,,,,,,,,,,,,,,,,
3,1- 6 weeks,broiler chicken,broiler AST,0.32% P-2,174.10544,4700.84688,21649.75758,0,0,0,0,0,0,993.6466543,63.52164026,24.85593933,38.61579221,78.96827482,52.91166493,27.62453844,45.09483027,36.8737862,11.13512217,42.56420408,0,0,15.09886675,0,0,0,0,0,33.41523102,0,203.7423264,0,0,0,0,0,0,0,0,0,0,0,0,0,0,0,83.98637243,0,0,0,0,0,0,0,0,0,0,0,2468.098181,0,0,25981.5031,0,0,14672.7691,8368.620717,100708.508,41009.80475,24008.59157,593.4237901,2683.50979,0,6205931.66,44.15767999,33.79362139,19.66849521,0,9.138927098,14.67387105,45.44716498,8.348143831,9.897271426,26965.24487,0,1161524.321,87666.2862,1690.006709,116092.0267,174.11,43.938545,15.22156,6.148325,10.03137,1035.047,1.120356,74.91858,16.00905,0.4050022,161.8015,,,,,,,,,,,,,,,,,,,,,,,,,
4,1- 6 weeks,broiler chicken,broiler AST,0.32% P-2,168.02418,4536.65286,19491.29516,0,0,0,0,0,0,960.6096605,61.42546107,24.0275043,37.33666246,76.30470346,51.1686759,26.73273202,43.59299321,35.64257506,10.76850099,41.14584435,0,0,14.5909766,0,0,0,0,0,32.30674241,0,196.5259133,0,0,0,0,0,0,0,0,0,0,0,0,0,0,0,80.98808062,0,0,0,0,0,0,0,0,0,0,0,2378.981493,0,0,25044.76892,0,0,14157.3486,8083.763767,97171.11066,39612.51678,23173.54553,573.5116206,2594.854016,0,5997778.862,42.67210961,32.65241547,19.0107708,0,8.820696209,14.16116993,43.93559754,8.069705281,9.563926525,26077.86381,0,1121843.705,84728.47841,1634.796945,112156.5503,168.02,50.809525,25.32389,1.746411,10.22698,1014.647,1.03399,,16.99,0.5366482,361.3018,,,,,,,,,,,,,,,,,,,,,,,,,
5,1- 6 weeks,broiler chicken,broiler AST,0.32% P-2,161.32505,4355.77635,20389.66307,0,0,0,0,0,0,925.5010054,59.2106125,23.145488,35.98118405,73.4433716,49.32951051,25.80655739,41.9949477,34.3299353,10.38180206,39.63597597,0,0,14.04648453,0,0,0,0,0,31.13077171,0,188.4993545,0,0,0,0,0,0,0,0,0,0,0,0,0,0,0,77.63531327,0,0,0,0,0,0,0,0,0,0,0,2278.571267,0,0,23990.36039,0,0,13587.31213,7775.696018,93259.07581,38100.29453,22256.38165,552.2037678,2501.096621,0,5775104.72,41.07931101,31.42539588,18.30874481,0,8.470885813,13.59625155,42.3288156,7.77309713,9.206219677,25142.2477,0,1078816.229,81587.80598,1576.91741,107913.1521,161.33,43.595915,12.60148,1.885167,9.2005,278.4719,0.951462,70.63486,15.28625,0.2613479,289.806,,,,,,,,,,,,,,,,,,,,,,,,,
6,1- 6 weeks,broiler chicken,broiler AST,0.32% P-2,150.71242,4069.23534,17430.8444,0,0,0,0,0,0,862.8306865,55.18433882,21.58034052,33.53963122,68.51062882,45.97188095,24.03067954,39.1539354,32.01084409,9.674963051,36.95540583,0,0,13.10158666,0,0,0,0,0,29.02007978,0,176.2060899,0,0,0,0,0,0,0,0,0,0,0,0,0,0,0,72.59745699,0,0,0,0,0,0,0,0,0,0,0,2131.791327,0,0,22443.46616,0,0,12696.60888,7256.207902,87145.28787,35556.30363,20788.47533,515.0049293,2331.131986,0,5385977.517,38.3161569,29.31619337,17.07299431,0,7.912587978,12.70200856,39.46308288,7.247676037,8.587375375,23429.98099,0,1006894.893,76087.63746,1469.093015,100686.3275,150.71,40.551975,23.08331,2.851675,,881.0018,1.018636,80.34663,15.71649,,205.78,,,,,,,,,,,,,,,,,,,,,,,,,
